{"cameraMode":{"drawMode":0,"name":"Shaded","section":"Shading Mode"},"sceneLighting":true,"audioPlay":false,"sceneViewState":{"m_AlwaysRefresh":false,"showFog":true,"showSkybox":true,"showFlares":true,"showImageEffects":true,"showParticleSystems":true,"showVisualEffectGraphs":true,"m_FxEnabled":true},"in2DMode":false,"pivot":{"x":0.48020699620246889,"y":2.0801546573638918,"z":1.0553218126296998},"rotation":{"x":-0.08264853805303574,"y":-0.761197566986084,"z":0.09898111969232559,"w":-0.6355825662612915},"size":0.6103679537773132,"orthographic":false}